timestamp,pod,cpu_usage,cpu_usage_request,memory_usage,memory_usage_request,network_speed_in,network_speed_out,container orchetrator,container runtime
10:45:12,calico-kube-controllers-8d95b6db8-4ssp8,0.008915,,19841024.0,,109.86416,71.124955,Kubernetes,containerd
10:45:12,metrics-server-68d7746867-5xlvt,0.010095,0.0,24465408.0,11.666016,230.785139,408.0436,Kubernetes,containerd
10:45:12,local-path-provisioner-65d5864f8d-knvp8,0.000161,,11702272.0,,5.811966,5.494505,Kubernetes,containerd
10:45:12,kube-state-metrics-5644fd8b69-6xcns,0.006697,,27750400.0,,736.082723,15169.633634,Kubernetes,containerd
10:45:12,kube-proxy-pn9xg,0.000228,,21123072.0,,3617.609438,398.058817,Kubernetes,containerd
10:45:12,kube-controller-manager-bupt-3a,0.034478,17.239235,58167296.0,,3556.026508,399.18576,Kubernetes,containerd
10:45:12,kube-scheduler-bupt-3a,0.009238,9.238366,25657344.0,,3712.308814,399.959242,Kubernetes,containerd
10:45:12,etcd-bupt-3a,0.05948,0.0,53907456.0,51.410156,3370.948856,400.888823,Kubernetes,containerd
10:45:12,coredns-5dd5756b68-sjhjq,0.006211,0.0,25681920.0,34.988839,138.284893,107.139745,Kubernetes,containerd
10:45:12,coredns-5dd5756b68-c94dh,0.006224,0.0,23756800.0,32.366071,139.926884,113.109975,Kubernetes,containerd
10:45:12,calico-node-wc5jb,0.042565,17.026174,213368832.0,,3364.505054,398.876621,Kubernetes,containerd
10:45:12,kube-apiserver-bupt-3a,0.134515,53.80619,350638080.0,,3563.039213,396.359856,Kubernetes,containerd
10:45:22,kube-proxy-pn9xg,0.000717,,21118976.0,,3464.52369,411.118656,Kubernetes,containerd
10:45:22,metrics-server-68d7746867-5xlvt,0.01164,0.0,24465408.0,11.666016,287.957571,473.759013,Kubernetes,containerd
10:45:22,local-path-provisioner-65d5864f8d-knvp8,0.000143,,11702272.0,,11.928688,6.880571,Kubernetes,containerd
10:45:22,kube-state-metrics-5644fd8b69-6xcns,0.005896,,27869184.0,,731.978756,15965.837212,Kubernetes,containerd
10:45:22,kube-controller-manager-bupt-3a,0.034535,17.267542,58167296.0,,3417.045367,408.801895,Kubernetes,containerd
10:45:22,kube-scheduler-bupt-3a,0.009269,9.268712,25657344.0,,3664.640593,409.384807,Kubernetes,containerd
10:45:22,etcd-bupt-3a,0.058307,0.0,53923840.0,51.425781,3622.058606,400.435543,Kubernetes,containerd
10:45:22,coredns-5dd5756b68-sjhjq,0.006248,0.0,25563136.0,34.827009,106.212318,78.990675,Kubernetes,containerd
10:45:22,coredns-5dd5756b68-c94dh,0.005144,0.0,23621632.0,32.18192,142.49674,111.549398,Kubernetes,containerd
10:45:22,calico-node-wc5jb,0.051274,20.509486,213381120.0,,3646.469004,401.794958,Kubernetes,containerd
10:45:22,calico-kube-controllers-8d95b6db8-4ssp8,0.010729,,19828736.0,,114.432099,74.308272,Kubernetes,containerd
10:45:22,kube-apiserver-bupt-3a,0.133693,53.47707,350625792.0,,3371.825216,406.747838,Kubernetes,containerd
10:45:32,metrics-server-68d7746867-5xlvt,0.008284,0.0,24461312.0,11.664062,232.238881,367.782931,Kubernetes,containerd
10:45:32,local-path-provisioner-65d5864f8d-knvp8,0.000158,,11702272.0,,7.470364,1.850027,Kubernetes,containerd
10:45:32,kube-state-metrics-5644fd8b69-6xcns,0.006998,,28893184.0,,740.288727,15652.247364,Kubernetes,containerd
10:45:32,kube-scheduler-bupt-3a,0.007259,7.258534,25657344.0,,3164.605485,345.327519,Kubernetes,containerd
10:45:32,kube-proxy-pn9xg,0.000605,,21123072.0,,3444.620158,413.709778,Kubernetes,containerd
10:45:32,kube-controller-manager-bupt-3a,0.037832,18.915917,58171392.0,,3509.727833,421.956603,Kubernetes,containerd
10:45:32,kube-apiserver-bupt-3a,0.089341,35.7363,350625792.0,,3227.87537,412.16153,Kubernetes,containerd
10:45:32,coredns-5dd5756b68-sjhjq,0.006087,0.0,25563136.0,34.827009,137.305863,105.349552,Kubernetes,containerd
10:45:32,coredns-5dd5756b68-c94dh,0.006207,0.0,23621632.0,32.18192,142.448331,111.128776,Kubernetes,containerd
10:45:32,calico-node-wc5jb,0.054124,21.649759,213307392.0,,3733.577701,409.489729,Kubernetes,containerd
10:45:32,calico-kube-controllers-8d95b6db8-4ssp8,0.010351,,19832832.0,,113.188812,71.911134,Kubernetes,containerd
10:45:32,etcd-bupt-3a,0.058307,0.0,53923840.0,51.425781,3735.844784,411.482485,Kubernetes,containerd
10:45:42,kube-proxy-pn9xg,0.000674,,21118976.0,,3221.10045,419.65999,Kubernetes,containerd
10:45:42,metrics-server-68d7746867-5xlvt,0.009259,0.0,24866816.0,11.857422,302.17906,459.077411,Kubernetes,containerd
10:45:42,local-path-provisioner-65d5864f8d-knvp8,0.000129,,11702272.0,,6.6625,1.65,Kubernetes,containerd
10:45:42,kube-state-metrics-5644fd8b69-6xcns,0.005836,,28893184.0,,725.678615,14408.988247,Kubernetes,containerd
10:45:42,kube-controller-manager-bupt-3a,0.036503,18.251594,58167296.0,,3509.727833,421.956603,Kubernetes,containerd
10:45:42,kube-scheduler-bupt-3a,0.009177,9.176593,25657344.0,,4431.600327,4677.235213,Kubernetes,containerd
10:45:42,etcd-bupt-3a,0.057352,0.0,53956608.0,51.457031,3825.366541,413.264411,Kubernetes,containerd
10:45:42,calico-kube-controllers-8d95b6db8-4ssp8,0.009657,,19832832.0,,116.254968,74.305437,Kubernetes,containerd
10:45:42,calico-node-wc5jb,0.056432,22.572843,213307392.0,,4725.579878,4598.219322,Kubernetes,containerd
10:45:42,kube-apiserver-bupt-3a,0.129877,51.950667,350638080.0,,4662.115977,5738.050087,Kubernetes,containerd
10:45:42,coredns-5dd5756b68-sjhjq,0.006467,0.0,25763840.0,35.100446,103.205485,83.068771,Kubernetes,containerd
10:45:42,coredns-5dd5756b68-c94dh,0.005246,0.0,23629824.0,32.19308,134.284218,107.831154,Kubernetes,containerd
10:45:52,kube-proxy-pn9xg,0.000661,,21123072.0,,4199.988508,5269.796968,Kubernetes,containerd
10:45:52,metrics-server-68d7746867-5xlvt,0.008715,0.0,24494080.0,11.679688,280.968174,464.380637,Kubernetes,containerd
10:45:52,local-path-provisioner-65d5864f8d-knvp8,0.000374,,11702272.0,,13.283268,4.720769,Kubernetes,containerd
10:45:52,kube-state-metrics-5644fd8b69-6xcns,0.005836,,29466624.0,,730.223124,14113.989797,Kubernetes,containerd
10:45:52,kube-scheduler-bupt-3a,0.007404,7.404197,25661440.0,,4562.612149,6256.905427,Kubernetes,containerd
10:45:52,kube-controller-manager-bupt-3a,0.023672,11.835888,58167296.0,,4583.998483,4865.025543,Kubernetes,containerd
10:45:52,kube-apiserver-bupt-3a,0.13027,52.107848,350773248.0,,4413.101857,4596.928564,Kubernetes,containerd
10:45:52,etcd-bupt-3a,0.056653,0.0,53956608.0,51.457031,4682.656866,4624.753209,Kubernetes,containerd
10:45:52,coredns-5dd5756b68-sjhjq,0.006557,0.0,25628672.0,34.916295,137.597455,108.77161,Kubernetes,containerd
10:45:52,coredns-5dd5756b68-c94dh,0.005952,0.0,23621632.0,32.18192,145.535155,114.020446,Kubernetes,containerd
10:45:52,calico-node-wc5jb,0.053232,21.292945,213315584.0,,4595.394737,4484.898973,Kubernetes,containerd
10:45:52,calico-kube-controllers-8d95b6db8-4ssp8,0.009923,,19832832.0,,80.622222,52.255556,Kubernetes,containerd
10:46:02,local-path-provisioner-65d5864f8d-knvp8,0.00039,,11698176.0,,10.962312,7.242333,Kubernetes,containerd
10:46:02,kube-state-metrics-5644fd8b69-6xcns,0.005058,,29466624.0,,750.421642,15449.650318,Kubernetes,containerd
10:46:02,kube-scheduler-bupt-3a,0.007271,7.270566,25661440.0,,5089.687575,6385.39921,Kubernetes,containerd
10:46:02,kube-proxy-pn9xg,0.00026,,21123072.0,,4537.136184,6202.914521,Kubernetes,containerd
10:46:02,kube-controller-manager-bupt-3a,0.03711,18.555019,58179584.0,,3732.965,5249.8825,Kubernetes,containerd
10:46:02,metrics-server-68d7746867-5xlvt,0.008715,0.0,24494080.0,11.679688,204.358841,325.351373,Kubernetes,containerd
10:46:02,kube-apiserver-bupt-3a,0.129679,51.871663,350773248.0,,4505.829033,6170.532422,Kubernetes,containerd
10:46:02,coredns-5dd5756b68-sjhjq,0.006798,0.0,25628672.0,34.916295,139.721998,107.495097,Kubernetes,containerd
10:46:02,coredns-5dd5756b68-c94dh,0.005821,0.0,23621632.0,32.18192,144.657763,117.262104,Kubernetes,containerd
10:46:02,calico-node-wc5jb,0.052372,20.94897,213307392.0,,4602.782897,5676.86799,Kubernetes,containerd
10:46:02,calico-kube-controllers-8d95b6db8-4ssp8,0.007771,,19832832.0,,126.795655,80.721766,Kubernetes,containerd
10:46:02,etcd-bupt-3a,0.048763,0.0,53956608.0,51.457031,4536.464771,6263.786785,Kubernetes,containerd
10:46:12,metrics-server-68d7746867-5xlvt,0.010324,0.0,24539136.0,11.701172,280.765045,427.49607,Kubernetes,containerd
10:46:12,local-path-provisioner-65d5864f8d-knvp8,0.000484,,11698176.0,,14.541334,8.219015,Kubernetes,containerd
10:46:12,kube-state-metrics-5644fd8b69-6xcns,0.006412,,29609984.0,,718.403196,14565.740799,Kubernetes,containerd
10:46:12,kube-scheduler-bupt-3a,0.008362,8.36168,25657344.0,,3934.58298,4935.594319,Kubernetes,containerd
10:46:12,kube-proxy-pn9xg,0.000246,,21123072.0,,4276.302587,6825.720624,Kubernetes,containerd
10:46:12,kube-controller-manager-bupt-3a,0.033346,16.673191,58183680.0,,5038.216514,7427.918057,Kubernetes,containerd
10:46:12,etcd-bupt-3a,0.059363,0.0,54231040.0,51.71875,3987.043528,8096.434411,Kubernetes,containerd
10:46:12,coredns-5dd5756b68-sjhjq,0.006775,0.0,25632768.0,34.921875,135.395266,106.364448,Kubernetes,containerd
10:46:12,coredns-5dd5756b68-c94dh,0.005821,0.0,23621632.0,32.18192,145.315236,114.514011,Kubernetes,containerd
10:46:12,calico-node-wc5jb,0.043432,17.375019,213307392.0,,4241.567847,7446.768222,Kubernetes,containerd
10:46:12,calico-kube-controllers-8d95b6db8-4ssp8,0.010835,,19828736.0,,109.684773,68.768014,Kubernetes,containerd
10:46:12,kube-apiserver-bupt-3a,0.132365,52.946066,350633984.0,,4966.344317,7329.446036,Kubernetes,containerd
10:46:22,kube-proxy-pn9xg,0.000442,,21123072.0,,5129.600514,7580.005933,Kubernetes,containerd
10:46:22,metrics-server-68d7746867-5xlvt,0.009731,0.0,24539136.0,11.701172,245.681087,387.530765,Kubernetes,containerd
10:46:22,local-path-provisioner-65d5864f8d-knvp8,0.000417,,11698176.0,,5.927933,4.333971,Kubernetes,containerd
10:46:22,kube-state-metrics-5644fd8b69-6xcns,0.005377,,29626368.0,,629.857036,12768.146204,Kubernetes,containerd
10:46:22,kube-scheduler-bupt-3a,0.008421,8.42139,25657344.0,,4074.702675,3001.861635,Kubernetes,containerd
10:46:22,kube-controller-manager-bupt-3a,0.034828,17.414017,58187776.0,,4931.807434,7267.0576,Kubernetes,containerd
10:46:22,coredns-5dd5756b68-c94dh,0.005614,0.0,23621632.0,32.18192,148.960715,114.143088,Kubernetes,containerd
10:46:22,etcd-bupt-3a,0.062037,0.0,54231040.0,51.71875,4515.205936,6651.233466,Kubernetes,containerd
10:46:22,coredns-5dd5756b68-sjhjq,0.00658,0.0,25632768.0,34.921875,86.2,68.125,Kubernetes,containerd
10:46:22,kube-apiserver-bupt-3a,0.112487,44.996638,350633984.0,,3070.018474,2325.089668,Kubernetes,containerd
10:46:22,calico-node-wc5jb,0.045962,18.38488,213311488.0,,4308.103746,5938.876336,Kubernetes,containerd
10:46:22,calico-kube-controllers-8d95b6db8-4ssp8,0.009704,,19832832.0,,130.77452,85.724407,Kubernetes,containerd
10:46:32,local-path-provisioner-65d5864f8d-knvp8,0.000288,,11698176.0,,6.597203,4.822761,Kubernetes,containerd
10:46:32,kube-state-metrics-5644fd8b69-6xcns,0.004864,,29626368.0,,749.633968,15195.299898,Kubernetes,containerd
10:46:32,kube-scheduler-bupt-3a,0.005667,5.6672,25657344.0,,3784.712174,2460.048506,Kubernetes,containerd
10:46:32,kube-proxy-pn9xg,0.000362,,21127168.0,,3685.690531,3991.120325,Kubernetes,containerd
10:46:32,kube-controller-manager-bupt-3a,0.027105,13.551988,58183680.0,,3740.706533,4412.997909,Kubernetes,containerd
10:46:32,metrics-server-68d7746867-5xlvt,0.010307,0.0,24580096.0,11.720703,434.219702,422.77207,Kubernetes,containerd
10:46:32,etcd-bupt-3a,0.062918,0.0,54026240.0,51.523438,2832.484395,2657.1451,Kubernetes,containerd
10:46:32,coredns-5dd5756b68-sjhjq,0.006323,0.0,25632768.0,34.921875,139.531318,107.052124,Kubernetes,containerd
10:46:32,coredns-5dd5756b68-c94dh,0.006565,0.0,23736320.0,32.33817,138.405933,105.175422,Kubernetes,containerd
10:46:32,calico-node-wc5jb,0.035729,14.292085,213311488.0,,3396.391789,2584.71165,Kubernetes,containerd
10:46:32,calico-kube-controllers-8d95b6db8-4ssp8,0.009377,,19832832.0,,436.115974,99.649845,Kubernetes,containerd
10:46:32,kube-apiserver-bupt-3a,0.142683,57.073358,350519296.0,,3565.435775,2700.138972,Kubernetes,containerd
10:46:42,metrics-server-68d7746867-5xlvt,0.010307,0.0,24580096.0,11.720703,369.125344,359.393839,Kubernetes,containerd
10:46:42,local-path-provisioner-65d5864f8d-knvp8,0.00016,,11698176.0,,6.267203,5.514742,Kubernetes,containerd
10:46:42,kube-state-metrics-5644fd8b69-6xcns,0.005652,,29720576.0,,871.169318,13869.779425,Kubernetes,containerd
10:46:42,kube-scheduler-bupt-3a,0.009665,9.6649,25657344.0,,2801.8532,2775.36655,Kubernetes,containerd
10:46:42,kube-proxy-pn9xg,0.000288,,21127168.0,,3827.983065,6508.253021,Kubernetes,containerd
10:46:42,kube-controller-manager-bupt-3a,0.03412,17.060057,58183680.0,,3082.072021,3635.99156,Kubernetes,containerd
10:46:42,kube-apiserver-bupt-3a,0.141823,56.72909,350507008.0,,4410.145313,6679.620769,Kubernetes,containerd
10:46:42,coredns-5dd5756b68-sjhjq,0.005191,0.0,25632768.0,34.921875,117.255359,90.567802,Kubernetes,containerd
10:46:42,coredns-5dd5756b68-c94dh,0.006565,0.0,23736320.0,32.33817,148.549074,114.073487,Kubernetes,containerd
10:46:42,calico-node-wc5jb,0.050135,20.054036,213323776.0,,4498.871644,6304.401058,Kubernetes,containerd
10:46:42,calico-kube-controllers-8d95b6db8-4ssp8,0.008609,,19832832.0,,594.679092,101.728544,Kubernetes,containerd
10:46:42,etcd-bupt-3a,0.063009,0.0,54026240.0,51.523438,4593.256522,5226.923586,Kubernetes,containerd
10:46:52,kube-proxy-pn9xg,0.000478,,21118976.0,,4447.250318,7561.117651,Kubernetes,containerd
10:46:52,local-path-provisioner-65d5864f8d-knvp8,0.00016,,11698176.0,,9.256169,4.034237,Kubernetes,containerd
10:46:52,kube-state-metrics-5644fd8b69-6xcns,0.004698,,29741056.0,,657.8375,9560.3125,Kubernetes,containerd
10:46:52,kube-scheduler-bupt-3a,0.008483,8.483009,25661440.0,,3996.108595,8352.115085,Kubernetes,containerd
10:46:52,kube-controller-manager-bupt-3a,0.034115,17.057705,58179584.0,,4447.382789,7475.154896,Kubernetes,containerd
10:46:52,metrics-server-68d7746867-5xlvt,0.008491,0.0,24588288.0,11.724609,382.208516,372.30459,Kubernetes,containerd
10:46:52,etcd-bupt-3a,0.05846,0.0,54038528.0,51.535156,4551.148162,6491.000172,Kubernetes,containerd
10:46:52,calico-kube-controllers-8d95b6db8-4ssp8,0.008684,,19832832.0,,462.841047,91.218381,Kubernetes,containerd
10:46:52,calico-node-wc5jb,0.053291,21.316484,213385216.0,,4619.642409,7203.817647,Kubernetes,containerd
10:46:52,kube-apiserver-bupt-3a,0.13828,55.311878,350650368.0,,3639.442369,5153.492827,Kubernetes,containerd
10:46:52,coredns-5dd5756b68-sjhjq,0.00568,0.0,25640960.0,34.933036,137.09077,108.289524,Kubernetes,containerd
10:46:52,coredns-5dd5756b68-c94dh,0.006501,0.0,23822336.0,32.455357,149.446123,116.242267,Kubernetes,containerd
10:47:02,metrics-server-68d7746867-5xlvt,0.008723,0.0,24600576.0,11.730469,315.066158,306.976511,Kubernetes,containerd
10:47:02,local-path-provisioner-65d5864f8d-knvp8,0.000208,,11702272.0,,6.665812,3.448683,Kubernetes,containerd
10:47:02,kube-state-metrics-5644fd8b69-6xcns,0.005333,,32133120.0,,903.474382,15489.691767,Kubernetes,containerd
10:47:02,kube-scheduler-bupt-3a,0.008788,8.787664,25661440.0,,4261.983248,6616.989171,Kubernetes,containerd
10:47:02,kube-controller-manager-bupt-3a,0.034115,17.057705,58179584.0,,4639.883615,7228.651301,Kubernetes,containerd
10:47:02,kube-proxy-pn9xg,0.0003,,21118976.0,,4354.811698,6759.094194,Kubernetes,containerd
10:47:02,etcd-bupt-3a,0.058446,0.0,54210560.0,51.699219,4897.120588,9156.838235,Kubernetes,containerd
10:47:02,coredns-5dd5756b68-sjhjq,0.005907,0.0,25640960.0,34.933036,143.074869,108.833018,Kubernetes,containerd
10:47:02,coredns-5dd5756b68-c94dh,0.005633,0.0,23822336.0,32.455357,142.47645,110.405305,Kubernetes,containerd
10:47:02,calico-node-wc5jb,0.055771,22.308558,213385216.0,,3726.86,7687.4725,Kubernetes,containerd
10:47:02,calico-kube-controllers-8d95b6db8-4ssp8,0.006127,,19832832.0,,552.53384,93.526466,Kubernetes,containerd
10:47:02,kube-apiserver-bupt-3a,0.13828,55.311878,350650368.0,,4839.740696,9020.501244,Kubernetes,containerd
10:47:12,metrics-server-68d7746867-5xlvt,0.008055,0.0,24608768.0,11.734375,409.268875,429.11729,Kubernetes,containerd
10:47:12,local-path-provisioner-65d5864f8d-knvp8,0.000193,,11698176.0,,10.146549,4.422303,Kubernetes,containerd
10:47:12,kube-state-metrics-5644fd8b69-6xcns,0.005256,,32153600.0,,864.947932,15444.596097,Kubernetes,containerd
10:47:12,kube-scheduler-bupt-3a,0.008034,8.034354,25661440.0,,4726.79822,8674.290494,Kubernetes,containerd
10:47:12,kube-proxy-pn9xg,0.000286,,21118976.0,,4314.254991,5762.896816,Kubernetes,containerd
10:47:12,kube-controller-manager-bupt-3a,0.033459,16.729392,58183680.0,,4810.883362,7818.078492,Kubernetes,containerd
10:47:12,kube-apiserver-bupt-3a,0.128634,51.453423,350801920.0,,4581.869817,6554.746568,Kubernetes,containerd
10:47:12,coredns-5dd5756b68-sjhjq,0.006053,0.0,25640960.0,34.933036,131.736363,106.033706,Kubernetes,containerd
10:47:12,coredns-5dd5756b68-c94dh,0.006127,0.0,23900160.0,32.561384,143.968138,112.707091,Kubernetes,containerd
10:47:12,calico-node-wc5jb,0.055763,22.30518,213434368.0,,4507.682026,6941.685839,Kubernetes,containerd
10:47:12,calico-kube-controllers-8d95b6db8-4ssp8,0.010639,,19836928.0,,453.270229,89.634837,Kubernetes,containerd
10:47:12,etcd-bupt-3a,0.055302,0.0,54210560.0,51.699219,2987.817891,3728.297698,Kubernetes,containerd
10:47:22,metrics-server-68d7746867-5xlvt,0.008055,0.0,24608768.0,11.734375,222.857467,349.190112,Kubernetes,containerd
10:47:22,local-path-provisioner-65d5864f8d-knvp8,0.000216,,11698176.0,,11.49563,3.292236,Kubernetes,containerd
10:47:22,kube-state-metrics-5644fd8b69-6xcns,0.004566,,32153600.0,,739.463259,15924.641825,Kubernetes,containerd
10:47:22,kube-scheduler-bupt-3a,0.009641,9.640808,25657344.0,,4520.880532,6457.331898,Kubernetes,containerd
10:47:22,kube-proxy-pn9xg,0.000642,,21123072.0,,4314.254991,5762.896816,Kubernetes,containerd
10:47:22,kube-controller-manager-bupt-3a,0.03715,18.574846,58191872.0,,4206.15391,5192.986628,Kubernetes,containerd
10:47:22,kube-apiserver-bupt-3a,0.128932,51.572681,350801920.0,,3748.124402,2839.005766,Kubernetes,containerd
10:47:22,coredns-5dd5756b68-sjhjq,0.006053,0.0,25640960.0,34.933036,100.887732,81.202085,Kubernetes,containerd
10:47:22,coredns-5dd5756b68-c94dh,0.006127,0.0,23900160.0,32.561384,110.514206,88.274708,Kubernetes,containerd
10:47:22,calico-node-wc5jb,0.055881,22.35258,213458944.0,,3665.122979,4586.030995,Kubernetes,containerd
10:47:22,calico-kube-controllers-8d95b6db8-4ssp8,0.009212,,19836928.0,,102.951255,66.31757,Kubernetes,containerd
10:47:22,etcd-bupt-3a,0.056871,0.0,54087680.0,51.582031,3778.55924,3436.539583,Kubernetes,containerd
10:47:32,kube-proxy-pn9xg,0.000679,,21123072.0,,3800.495935,519.224384,Kubernetes,containerd
10:47:32,local-path-provisioner-65d5864f8d-knvp8,0.000198,,11698176.0,,9.059851,2.594707,Kubernetes,containerd
10:47:32,kube-state-metrics-5644fd8b69-6xcns,0.005463,,32182272.0,,779.917425,16188.312513,Kubernetes,containerd
10:47:32,kube-scheduler-bupt-3a,0.008563,8.562714,25657344.0,,3480.373539,508.52697,Kubernetes,containerd
10:47:32,kube-controller-manager-bupt-3a,0.027081,13.540563,58191872.0,,3466.087355,520.679265,Kubernetes,containerd
10:47:32,metrics-server-68d7746867-5xlvt,0.010051,0.0,24612864.0,11.736328,275.909207,373.679264,Kubernetes,containerd
10:47:32,etcd-bupt-3a,0.059049,0.0,54087680.0,51.582031,3474.666919,533.916029,Kubernetes,containerd
10:47:32,coredns-5dd5756b68-sjhjq,0.006453,0.0,25636864.0,34.927455,138.24557,107.961068,Kubernetes,containerd
10:47:32,coredns-5dd5756b68-c94dh,0.006489,0.0,23957504.0,32.639509,112.146647,89.597792,Kubernetes,containerd
10:47:32,calico-node-wc5jb,0.046866,18.745256,213458944.0,,3302.308483,525.915167,Kubernetes,containerd
10:47:32,calico-kube-controllers-8d95b6db8-4ssp8,0.0112,,19832832.0,,86.672904,56.028765,Kubernetes,containerd
10:47:32,kube-apiserver-bupt-3a,0.132638,53.055244,350511104.0,,3748.124402,2839.005766,Kubernetes,containerd
10:47:42,metrics-server-68d7746867-5xlvt,0.010387,0.0,24616960.0,11.738281,291.25773,442.580046,Kubernetes,containerd
10:47:42,local-path-provisioner-65d5864f8d-knvp8,0.000127,,11698176.0,,2.999455,0.717307,Kubernetes,containerd
10:47:42,kube-state-metrics-5644fd8b69-6xcns,0.004988,,32403456.0,,623.0749,12421.82762,Kubernetes,containerd
10:47:42,kube-scheduler-bupt-3a,0.009139,9.138784,25661440.0,,3589.51415,524.760347,Kubernetes,containerd
10:47:42,kube-proxy-pn9xg,0.000513,,21127168.0,,3137.358043,454.263388,Kubernetes,containerd
10:47:42,kube-controller-manager-bupt-3a,0.037202,18.601007,58183680.0,,3494.092639,519.455661,Kubernetes,containerd
10:47:42,kube-apiserver-bupt-3a,0.13493,53.972146,350511104.0,,3741.098769,527.09512,Kubernetes,containerd
10:47:42,etcd-bupt-3a,0.059686,0.0,54124544.0,51.617187,3599.624707,532.312685,Kubernetes,containerd
10:47:42,coredns-5dd5756b68-sjhjq,0.005591,0.0,25415680.0,34.626116,140.898335,110.78129,Kubernetes,containerd
10:47:42,coredns-5dd5756b68-c94dh,0.006384,0.0,24080384.0,32.80692,137.661779,113.042648,Kubernetes,containerd
10:47:42,calico-node-wc5jb,0.053253,21.301365,213434368.0,,3302.308483,525.915167,Kubernetes,containerd
10:47:42,calico-kube-controllers-8d95b6db8-4ssp8,0.011381,,19832832.0,,115.545382,78.299164,Kubernetes,containerd
10:47:52,metrics-server-68d7746867-5xlvt,0.011161,0.0,24616960.0,11.738281,231.216884,347.628971,Kubernetes,containerd
10:47:52,local-path-provisioner-65d5864f8d-knvp8,0.000519,,11702272.0,,1.968451,2.852246,Kubernetes,containerd
10:47:52,kube-state-metrics-5644fd8b69-6xcns,0.004187,,32403456.0,,757.927373,15863.36299,Kubernetes,containerd
10:47:52,kube-scheduler-bupt-3a,0.007857,7.856508,25661440.0,,3815.80691,523.473734,Kubernetes,containerd
10:47:52,kube-proxy-pn9xg,0.000759,,21118976.0,,3719.7565,551.002889,Kubernetes,containerd
10:47:52,kube-controller-manager-bupt-3a,0.031614,15.806857,58183680.0,,3610.286947,545.847654,Kubernetes,containerd
10:47:52,kube-apiserver-bupt-3a,0.132294,52.917587,350654464.0,,3578.944251,570.72629,Kubernetes,containerd
10:47:52,etcd-bupt-3a,0.057116,0.0,54120448.0,51.613281,3040.184805,429.11308,Kubernetes,containerd
10:47:52,coredns-5dd5756b68-sjhjq,0.005682,0.0,25415680.0,34.626116,148.993905,113.829284,Kubernetes,containerd
10:47:52,coredns-5dd5756b68-c94dh,0.006305,0.0,24162304.0,32.918527,142.876192,109.873992,Kubernetes,containerd
10:47:52,calico-node-wc5jb,0.043372,17.348915,213434368.0,,3702.574374,562.42282,Kubernetes,containerd
10:47:52,calico-kube-controllers-8d95b6db8-4ssp8,0.008294,,19832832.0,,114.632593,75.870433,Kubernetes,containerd
10:48:02,metrics-server-68d7746867-5xlvt,0.01178,0.0,31264768.0,14.908203,224.9839,366.525682,Kubernetes,containerd
10:48:02,local-path-provisioner-65d5864f8d-knvp8,0.000422,,11702272.0,,5.967719,3.086751,Kubernetes,containerd
10:48:02,kube-state-metrics-5644fd8b69-6xcns,0.005749,,34578432.0,,609.344833,12790.177353,Kubernetes,containerd
10:48:02,kube-scheduler-bupt-3a,0.008423,8.422879,25657344.0,,3638.323687,623.853922,Kubernetes,containerd
10:48:02,kube-proxy-pn9xg,0.000355,,20922368.0,,3965.008949,589.500207,Kubernetes,containerd
10:48:02,kube-controller-manager-bupt-3a,0.033036,16.517889,58195968.0,,3713.15302,628.452835,Kubernetes,containerd
10:48:02,etcd-bupt-3a,0.04674,0.0,54120448.0,51.613281,3942.365498,599.485951,Kubernetes,containerd
10:48:02,coredns-5dd5756b68-sjhjq,0.006601,0.0,25411584.0,34.620536,140.142111,107.311018,Kubernetes,containerd
10:48:02,coredns-5dd5756b68-c94dh,0.006305,0.0,24162304.0,32.918527,145.613275,108.660158,Kubernetes,containerd
10:48:02,calico-node-wc5jb,0.051303,20.521089,213434368.0,,3702.574374,562.42282,Kubernetes,containerd
10:48:02,calico-kube-controllers-8d95b6db8-4ssp8,0.010484,,19853312.0,,127.889761,82.147125,Kubernetes,containerd
10:48:02,kube-apiserver-bupt-3a,0.132237,52.894956,350785536.0,,3054.300848,487.081596,Kubernetes,containerd
10:48:12,kube-proxy-pn9xg,0.000294,,20922368.0,,3734.259101,610.126654,Kubernetes,containerd
10:48:12,metrics-server-68d7746867-5xlvt,0.012003,0.0,31264768.0,14.908203,235.053871,421.974442,Kubernetes,containerd
10:48:12,local-path-provisioner-65d5864f8d-knvp8,0.000518,,11698176.0,,9.542603,4.159077,Kubernetes,containerd
10:48:12,kube-state-metrics-5644fd8b69-6xcns,0.005819,,34578432.0,,747.556021,15997.968811,Kubernetes,containerd
10:48:12,kube-scheduler-bupt-3a,0.007817,7.816986,25665536.0,,2302.8425,389.7175,Kubernetes,containerd
10:48:12,kube-controller-manager-bupt-3a,0.033196,16.598084,58195968.0,,3162.391863,535.204837,Kubernetes,containerd
10:48:12,kube-apiserver-bupt-3a,0.107548,43.01678,350785536.0,,3749.623804,593.196645,Kubernetes,containerd
10:48:12,etcd-bupt-3a,0.057245,0.0,54145024.0,51.636719,3710.741562,597.556496,Kubernetes,containerd
10:48:12,coredns-5dd5756b68-sjhjq,0.005348,0.0,25411584.0,34.620536,143.237793,112.33308,Kubernetes,containerd
10:48:12,coredns-5dd5756b68-c94dh,0.005802,0.0,24215552.0,32.991071,138.120012,108.017075,Kubernetes,containerd
10:48:12,calico-node-wc5jb,0.049908,19.963201,213434368.0,,3915.440062,612.104689,Kubernetes,containerd
10:48:12,calico-kube-controllers-8d95b6db8-4ssp8,0.009399,,19832832.0,,103.8813,66.72172,Kubernetes,containerd
10:48:22,metrics-server-68d7746867-5xlvt,0.012191,0.0,31264768.0,14.908203,236.321061,378.512473,Kubernetes,containerd
10:48:22,local-path-provisioner-65d5864f8d-knvp8,0.000411,,11698176.0,,11.198657,2.785539,Kubernetes,containerd
10:48:22,kube-state-metrics-5644fd8b69-6xcns,0.004503,,34578432.0,,628.485896,12507.019253,Kubernetes,containerd
10:48:22,kube-scheduler-bupt-3a,0.004846,4.845575,25665536.0,,3774.261053,591.423404,Kubernetes,containerd
10:48:22,kube-proxy-pn9xg,0.000302,,20922368.0,,2982.521626,487.313243,Kubernetes,containerd
10:48:22,kube-controller-manager-bupt-3a,0.033572,16.786049,58200064.0,,3924.514988,576.363636,Kubernetes,containerd
10:48:22,kube-apiserver-bupt-3a,0.128679,51.471638,350650368.0,,3485.839711,592.208303,Kubernetes,containerd
10:48:22,etcd-bupt-3a,0.046563,0.0,54145024.0,51.636719,3569.903604,577.015807,Kubernetes,containerd
10:48:22,coredns-5dd5756b68-sjhjq,0.006534,0.0,25554944.0,34.815848,139.149325,111.544869,Kubernetes,containerd
10:48:22,coredns-5dd5756b68-c94dh,0.006532,0.0,24080384.0,32.80692,106.038673,79.826401,Kubernetes,containerd
10:48:22,calico-node-wc5jb,0.050729,20.291572,213434368.0,,3716.500843,568.723251,Kubernetes,containerd
10:48:22,calico-kube-controllers-8d95b6db8-4ssp8,0.007463,,19832832.0,,115.471471,74.39039,Kubernetes,containerd
10:48:32,metrics-server-68d7746867-5xlvt,0.012669,0.0,31264768.0,14.908203,216.378766,368.363059,Kubernetes,containerd
10:48:32,local-path-provisioner-65d5864f8d-knvp8,0.000216,,11698176.0,,10.020393,2.49251,Kubernetes,containerd
10:48:32,kube-state-metrics-5644fd8b69-6xcns,0.005513,,34594816.0,,757.073996,14211.246553,Kubernetes,containerd
10:48:32,kube-scheduler-bupt-3a,0.007704,7.704148,25661440.0,,2845.076831,495.878606,Kubernetes,containerd
10:48:32,kube-proxy-pn9xg,0.000297,,20922368.0,,3595.445275,555.361999,Kubernetes,containerd
10:48:32,kube-controller-manager-bupt-3a,0.033572,16.786049,58200064.0,,3337.108847,493.315073,Kubernetes,containerd
10:48:32,etcd-bupt-3a,0.059486,0.0,54169600.0,51.660156,2693.566248,422.101258,Kubernetes,containerd
10:48:32,coredns-5dd5756b68-sjhjq,0.006344,0.0,25554944.0,34.815848,140.185862,106.442008,Kubernetes,containerd
10:48:32,coredns-5dd5756b68-c94dh,0.006532,0.0,24080384.0,32.80692,136.957076,106.132977,Kubernetes,containerd
10:48:32,calico-node-wc5jb,0.052097,20.838834,213348352.0,,3682.553598,572.794607,Kubernetes,containerd
10:48:32,calico-kube-controllers-8d95b6db8-4ssp8,0.008116,,19832832.0,,96.679219,62.420789,Kubernetes,containerd
10:48:32,kube-apiserver-bupt-3a,0.101854,40.743429,350650368.0,,3618.128552,555.377229,Kubernetes,containerd
10:48:42,kube-apiserver-bupt-3a,0.144874,57.949446,350650368.0,,3603.456751,508.298977,Kubernetes,containerd
10:48:42,metrics-server-68d7746867-5xlvt,0.010208,0.0,31268864.0,14.910156,251.521976,428.182538,Kubernetes,containerd
10:48:42,local-path-provisioner-65d5864f8d-knvp8,0.000185,,11698176.0,,3.45,0.825,Kubernetes,containerd
10:48:42,kube-state-metrics-5644fd8b69-6xcns,0.004981,,34619392.0,,625.318921,12283.11164,Kubernetes,containerd
10:48:42,kube-scheduler-bupt-3a,0.006849,6.848705,25665536.0,,3580.736172,481.517343,Kubernetes,containerd
10:48:42,kube-proxy-pn9xg,0.000296,,20922368.0,,3511.772976,508.783992,Kubernetes,containerd
10:48:42,coredns-5dd5756b68-sjhjq,0.006176,0.0,25550848.0,34.810268,114.867864,86.118554,Kubernetes,containerd
10:48:42,etcd-bupt-3a,0.058814,0.0,54169600.0,51.660156,3327.569116,477.294016,Kubernetes,containerd
10:48:42,coredns-5dd5756b68-c94dh,0.006408,0.0,23818240.0,32.449777,139.481628,114.145935,Kubernetes,containerd
10:48:42,calico-node-wc5jb,0.052754,21.101716,213348352.0,,3693.984065,530.248502,Kubernetes,containerd
10:48:42,calico-kube-controllers-8d95b6db8-4ssp8,0.008739,,19836928.0,,124.889063,80.64849,Kubernetes,containerd
10:48:42,kube-controller-manager-bupt-3a,0.034367,17.18358,58200064.0,,3538.416365,522.967907,Kubernetes,containerd
10:48:52,kube-scheduler-bupt-3a,0.006849,6.848705,25665536.0,,3420.517314,464.230962,Kubernetes,containerd
10:48:52,metrics-server-68d7746867-5xlvt,0.008044,0.0,31268864.0,14.910156,252.436046,384.932284,Kubernetes,containerd
10:48:52,kube-proxy-pn9xg,0.000341,,20922368.0,,3359.2747,442.596162,Kubernetes,containerd
10:48:52,local-path-provisioner-65d5864f8d-knvp8,0.000143,,11702272.0,,5.045806,3.328085,Kubernetes,containerd
10:48:52,kube-state-metrics-5644fd8b69-6xcns,0.00565,,31801344.0,,633.129893,12433.974471,Kubernetes,containerd
10:48:52,kube-controller-manager-bupt-3a,0.028643,14.322896,58200064.0,,3458.710845,445.955989,Kubernetes,containerd
10:48:52,coredns-5dd5756b68-c94dh,0.006983,0.0,23826432.0,32.460938,146.898721,117.503856,Kubernetes,containerd
10:48:52,etcd-bupt-3a,0.04898,0.0,54169600.0,51.660156,3476.93365,436.698449,Kubernetes,containerd
10:48:52,coredns-5dd5756b68-sjhjq,0.00637,0.0,25427968.0,34.642857,140.599799,112.462404,Kubernetes,containerd
10:48:52,calico-node-wc5jb,0.055057,22.022953,213340160.0,,3439.352765,443.39007,Kubernetes,containerd
10:48:52,calico-kube-controllers-8d95b6db8-4ssp8,0.009043,,19836928.0,,117.667121,77.089965,Kubernetes,containerd
10:48:52,kube-apiserver-bupt-3a,0.140372,56.148649,350781440.0,,2970.904255,382.912536,Kubernetes,containerd
10:49:02,metrics-server-68d7746867-5xlvt,0.009682,0.0,31268864.0,14.910156,156.405992,243.656162,Kubernetes,containerd
10:49:02,local-path-provisioner-65d5864f8d-knvp8,0.000106,,11702272.0,,7.848536,4.059588,Kubernetes,containerd
10:49:02,kube-state-metrics-5644fd8b69-6xcns,0.004812,,31801344.0,,761.815471,14280.461671,Kubernetes,containerd
10:49:02,kube-scheduler-bupt-3a,0.007129,7.128912,25661440.0,,2741.840733,362.425497,Kubernetes,containerd
10:49:02,kube-proxy-pn9xg,0.000421,,20922368.0,,2610.090505,335.666578,Kubernetes,containerd
10:49:02,kube-controller-manager-bupt-3a,0.034825,17.412689,58200064.0,,3161.651365,426.548155,Kubernetes,containerd
10:49:02,kube-apiserver-bupt-3a,0.151791,60.716516,350670848.0,,3743.495365,439.321513,Kubernetes,containerd
10:49:02,etcd-bupt-3a,0.060809,0.0,54206464.0,51.695312,3476.93365,436.698449,Kubernetes,containerd
10:49:02,coredns-5dd5756b68-sjhjq,0.006338,0.0,25427968.0,34.642857,142.203913,110.175077,Kubernetes,containerd
10:49:02,coredns-5dd5756b68-c94dh,0.006983,0.0,23826432.0,32.460938,121.633915,93.948628,Kubernetes,containerd
10:49:02,calico-node-wc5jb,0.055913,22.365361,213340160.0,,2981.494749,394.43519,Kubernetes,containerd
10:49:02,calico-kube-controllers-8d95b6db8-4ssp8,0.010427,,19832832.0,,115.30106,74.215424,Kubernetes,containerd
10:49:12,metrics-server-68d7746867-5xlvt,0.009883,0.0,31268864.0,14.910156,248.311225,398.439416,Kubernetes,containerd
10:49:12,local-path-provisioner-65d5864f8d-knvp8,0.000153,,11698176.0,,9.975458,4.347734,Kubernetes,containerd
10:49:12,kube-state-metrics-5644fd8b69-6xcns,0.005758,,31805440.0,,640.836705,12727.593528,Kubernetes,containerd
10:49:12,kube-scheduler-bupt-3a,0.006966,6.965781,25661440.0,,3563.629968,473.483828,Kubernetes,containerd
10:49:12,kube-proxy-pn9xg,0.000275,,20922368.0,,3672.724946,466.570273,Kubernetes,containerd
10:49:12,kube-controller-manager-bupt-3a,0.033751,16.875449,58200064.0,,3580.094653,475.833266,Kubernetes,containerd
10:49:12,etcd-bupt-3a,0.057878,0.0,54116352.0,51.609375,3788.998358,464.798553,Kubernetes,containerd
10:49:12,coredns-5dd5756b68-sjhjq,0.005995,0.0,25423872.0,34.637277,142.088035,116.131163,Kubernetes,containerd
10:49:12,coredns-5dd5756b68-c94dh,0.005885,0.0,23826432.0,32.460938,141.407918,112.404551,Kubernetes,containerd
10:49:12,calico-node-wc5jb,0.043712,17.484904,213340160.0,,3526.576059,466.564815,Kubernetes,containerd
10:49:12,calico-kube-controllers-8d95b6db8-4ssp8,0.009332,,19832832.0,,119.208667,87.828545,Kubernetes,containerd
10:49:12,kube-apiserver-bupt-3a,0.108461,43.384452,350535680.0,,2785.867657,326.916223,Kubernetes,containerd
10:49:22,kube-apiserver-bupt-3a,0.132978,53.191303,350535680.0,,3660.012377,480.985996,Kubernetes,containerd
10:49:22,metrics-server-68d7746867-5xlvt,0.010424,0.0,31268864.0,14.910156,252.805948,390.538601,Kubernetes,containerd
10:49:22,local-path-provisioner-65d5864f8d-knvp8,0.000177,,11698176.0,,9.95,2.475,Kubernetes,containerd
10:49:22,kube-state-metrics-5644fd8b69-6xcns,0.005591,,31830016.0,,765.019795,15617.964573,Kubernetes,containerd
10:49:22,kube-scheduler-bupt-3a,0.007665,7.665319,25661440.0,,2846.963494,387.470185,Kubernetes,containerd
10:49:22,kube-proxy-pn9xg,0.000219,,20922368.0,,3029.283514,446.289456,Kubernetes,containerd
10:49:22,coredns-5dd5756b68-sjhjq,0.004756,0.0,25423872.0,34.637277,143.518433,114.074473,Kubernetes,containerd
10:49:22,etcd-bupt-3a,0.058277,0.0,54116352.0,51.609375,3607.530197,503.396871,Kubernetes,containerd
10:49:22,coredns-5dd5756b68-c94dh,0.005642,0.0,23830528.0,32.466518,134.32884,107.07605,Kubernetes,containerd
10:49:22,calico-node-wc5jb,0.052645,21.058025,213348352.0,,3670.03521,496.43788,Kubernetes,containerd
10:49:22,calico-kube-controllers-8d95b6db8-4ssp8,0.009014,,19832832.0,,111.385928,88.287136,Kubernetes,containerd
10:49:22,kube-controller-manager-bupt-3a,0.033226,16.613086,58200064.0,,3675.546701,496.251517,Kubernetes,containerd
10:49:32,metrics-server-68d7746867-5xlvt,0.005918,0.0,31268864.0,14.910156,294.81784,428.8916,Kubernetes,containerd
10:49:32,kube-scheduler-bupt-3a,0.007301,7.300611,25665536.0,,3849.177535,535.134416,Kubernetes,containerd
10:49:32,kube-proxy-pn9xg,0.000713,,20934656.0,,3528.097731,519.757126,Kubernetes,containerd
10:49:32,local-path-provisioner-65d5864f8d-knvp8,0.000189,,11698176.0,,9.174312,2.282052,Kubernetes,containerd
10:49:32,kube-state-metrics-5644fd8b69-6xcns,0.004723,,31830016.0,,724.990233,13997.864305,Kubernetes,containerd
10:49:32,kube-controller-manager-bupt-3a,0.033408,16.703861,58204160.0,,3172.143714,446.853159,Kubernetes,containerd
10:49:32,coredns-5dd5756b68-sjhjq,0.005661,0.0,25423872.0,34.637277,149.881013,113.094226,Kubernetes,containerd
10:49:32,etcd-bupt-3a,0.054004,0.0,53968896.0,51.46875,3593.583684,516.119235,Kubernetes,containerd
10:49:32,coredns-5dd5756b68-c94dh,0.003959,0.0,23834624.0,32.472098,134.917543,108.275981,Kubernetes,containerd
10:49:32,calico-node-wc5jb,0.046543,18.617017,213344256.0,,3126.910777,422.97059,Kubernetes,containerd
10:49:32,calico-kube-controllers-8d95b6db8-4ssp8,0.01112,,19832832.0,,124.814585,99.652094,Kubernetes,containerd
10:49:32,kube-apiserver-bupt-3a,0.123954,49.581406,350527488.0,,3476.126651,509.632867,Kubernetes,containerd
10:49:42,metrics-server-68d7746867-5xlvt,0.009169,0.0,31383552.0,14.964844,252.606867,377.778693,Kubernetes,containerd
10:49:42,local-path-provisioner-65d5864f8d-knvp8,0.000155,,11702272.0,,3.566881,0.853036,Kubernetes,containerd
10:49:42,kube-state-metrics-5644fd8b69-6xcns,0.00441,,33296384.0,,790.921938,16058.880486,Kubernetes,containerd
10:49:42,kube-scheduler-bupt-3a,0.007605,7.605296,25665536.0,,3714.39478,525.186634,Kubernetes,containerd
10:49:42,kube-proxy-pn9xg,0.000544,,20930560.0,,3821.144396,538.841901,Kubernetes,containerd
10:49:42,kube-controller-manager-bupt-3a,0.031444,15.722248,58208256.0,,3251.013491,458.009325,Kubernetes,containerd
10:49:42,etcd-bupt-3a,0.046239,0.0,53985280.0,51.484375,3653.259249,533.39734,Kubernetes,containerd
10:49:42,coredns-5dd5756b68-sjhjq,0.005157,0.0,25423872.0,34.637277,141.360442,109.035035,Kubernetes,containerd
10:49:42,coredns-5dd5756b68-c94dh,0.00408,0.0,23834624.0,32.472098,135.102505,111.281373,Kubernetes,containerd
10:49:42,calico-node-wc5jb,0.045688,18.275332,213491712.0,,3766.720867,524.688347,Kubernetes,containerd
10:49:42,calico-kube-controllers-8d95b6db8-4ssp8,0.007807,,19832832.0,,137.278459,103.734958,Kubernetes,containerd
10:49:42,kube-apiserver-bupt-3a,0.117458,46.983322,350556160.0,,3355.773846,530.107328,Kubernetes,containerd
10:49:52,kube-proxy-pn9xg,0.000671,,20926464.0,,3415.656447,515.389656,Kubernetes,containerd
10:49:52,local-path-provisioner-65d5864f8d-knvp8,0.000157,,11702272.0,,7.856208,5.802881,Kubernetes,containerd
10:49:52,kube-state-metrics-5644fd8b69-6xcns,0.003792,,33296384.0,,771.209719,15543.755991,Kubernetes,containerd
10:49:52,kube-scheduler-bupt-3a,0.007752,7.752304,25673728.0,,3531.979223,514.789826,Kubernetes,containerd
10:49:52,metrics-server-68d7746867-5xlvt,0.007122,0.0,31383552.0,14.964844,278.795322,441.22807,Kubernetes,containerd
10:49:52,kube-controller-manager-bupt-3a,0.031394,15.696955,58208256.0,,3376.350892,505.845582,Kubernetes,containerd
10:49:52,coredns-5dd5756b68-sjhjq,0.005191,0.0,25423872.0,34.637277,141.360442,109.035035,Kubernetes,containerd
10:49:52,etcd-bupt-3a,0.044132,0.0,53870592.0,51.375,3375.999667,510.471019,Kubernetes,containerd
10:49:52,coredns-5dd5756b68-c94dh,0.004468,0.0,23830528.0,32.466518,147.898578,114.492892,Kubernetes,containerd
10:49:52,calico-node-wc5jb,0.029576,11.8303,213491712.0,,3754.807309,511.690475,Kubernetes,containerd
10:49:52,calico-kube-controllers-8d95b6db8-4ssp8,0.010894,,19832832.0,,143.653438,98.848834,Kubernetes,containerd
10:49:52,kube-apiserver-bupt-3a,0.101973,40.789053,350564352.0,,3605.409911,520.734161,Kubernetes,containerd
10:50:02,kube-state-metrics-5644fd8b69-6xcns,0.003685,,33296384.0,,792.307027,15492.474265,Kubernetes,containerd
10:50:02,kube-scheduler-bupt-3a,0.005611,5.611295,25673728.0,,2710.804238,398.36879,Kubernetes,containerd
10:50:02,kube-proxy-pn9xg,0.00024,,20926464.0,,3141.22687,414.878396,Kubernetes,containerd
10:50:02,kube-controller-manager-bupt-3a,0.030583,15.291288,58200064.0,,3465.27536,499.657593,Kubernetes,containerd
10:50:02,kube-apiserver-bupt-3a,0.101511,40.60422,350564352.0,,3605.409911,520.734161,Kubernetes,containerd
10:50:02,coredns-5dd5756b68-sjhjq,0.004204,0.0,25432064.0,34.648438,133.768116,108.710145,Kubernetes,containerd
10:50:02,coredns-5dd5756b68-c94dh,0.003651,0.0,23830528.0,32.466518,147.898578,114.492892,Kubernetes,containerd
10:50:02,calico-node-wc5jb,0.046749,18.699437,213499904.0,,3331.381819,500.920295,Kubernetes,containerd
10:50:02,calico-kube-controllers-8d95b6db8-4ssp8,0.010055,,19836928.0,,142.70674,94.044374,Kubernetes,containerd
10:50:02,local-path-provisioner-65d5864f8d-knvp8,0.000517,,11702272.0,,10.612443,5.285969,Kubernetes,containerd
10:50:02,etcd-bupt-3a,0.044132,0.0,53870592.0,51.375,3125.577169,441.154625,Kubernetes,containerd
10:50:02,metrics-server-68d7746867-5xlvt,0.00724,0.0,31444992.0,14.994141,297.44636,471.246329,Kubernetes,containerd
